18-02-2024 22:27:19,heartrate,,nik,BF385FF0-7E9B-4367-926D-D1C6CFD30D19,CREWMEMBER,,80,79,PrettyLights,1,85,10.3.1
18-02-2024 22:27:24,heartrate,,nik,BF385FF0-7E9B-4367-926D-D1C6CFD30D19,CREWMEMBER,,81,79,PrettyLights,1,85,10.3.1
18-02-2024 22:27:29,heartrate,,nik,BF385FF0-7E9B-4367-926D-D1C6CFD30D19,CREWMEMBER,,81,80,PrettyLights,1,85,10.3.1
18-02-2024 22:27:34,heartrate,,nik,BF385FF0-7E9B-4367-926D-D1C6CFD30D19,CREWMEMBER,,81,80,PrettyLights,1,85,10.3.1
18-02-2024 22:27:39,heartrate,,nik,BF385FF0-7E9B-4367-926D-D1C6CFD30D19,CREWMEMBER,,81,80,PrettyLights,1,85,10.3.1
18-02-2024 22:27:44,heartrate,,nik,BF385FF0-7E9B-4367-926D-D1C6CFD30D19,CREWMEMBER,,81,80,PrettyLights,1,85,10.3.1
18-02-2024 22:27:49,heartrate,,nik,BF385FF0-7E9B-4367-926D-D1C6CFD30D19,CREWMEMBER,,81,80,PrettyLights,1,85,10.3.1
18-02-2024 22:27:54,heartrate,,nik,BF385FF0-7E9B-4367-926D-D1C6CFD30D19,CREWMEMBER,,81,80,PrettyLights,1,85,10.3.1
18-02-2024 22:27:59,heartrate,,nik,BF385FF0-7E9B-4367-926D-D1C6CFD30D19,CREWMEMBER,,86,81,PrettyLights,1,85,10.3.1
18-02-2024 22:28:04,heartrate,,nik,BF385FF0-7E9B-4367-926D-D1C6CFD30D19,CREWMEMBER,,87,82,PrettyLights,1,85,10.3.1
18-02-2024 22:28:09,heartrate,,nik,BF385FF0-7E9B-4367-926D-D1C6CFD30D19,CREWMEMBER,,87,83,PrettyLights,1,85,10.3.1
18-02-2024 22:28:14,heartrate,,nik,BF385FF0-7E9B-4367-926D-D1C6CFD30D19,CREWMEMBER,,86,83,PrettyLights,1,85,10.3.1
18-02-2024 22:28:18,heartrate,,nik,BF385FF0-7E9B-4367-926D-D1C6CFD30D19,CREWMEMBER,,84,83,PrettyLights,1,85,10.3.1
18-02-2024 22:28:23,heartrate,,nik,BF385FF0-7E9B-4367-926D-D1C6CFD30D19,CREWMEMBER,,91,84,PrettyLights,1,85,10.3.1
18-02-2024 22:28:29,heartrate,,nik,BF385FF0-7E9B-4367-926D-D1C6CFD30D19,CREWMEMBER,,97,87,PrettyLights,1,85,10.3.1
18-02-2024 22:28:34,heartrate,,nik,BF385FF0-7E9B-4367-926D-D1C6CFD30D19,CREWMEMBER,,106,89,PrettyLights,1,85,10.3.1
18-02-2024 22:28:39,heartrate,,nik,BF385FF0-7E9B-4367-926D-D1C6CFD30D19,CREWMEMBER,,106,92,PrettyLights,1,85,10.3.1
18-02-2024 22:28:44,heartrate,,nik,BF385FF0-7E9B-4367-926D-D1C6CFD30D19,CREWMEMBER,,102,94,PrettyLights,1,85,10.3.1
18-02-2024 22:28:49,heartrate,,nik,BF385FF0-7E9B-4367-926D-D1C6CFD30D19,CREWMEMBER,,101,95,PrettyLights,1,85,10.3.1
18-02-2024 22:28:54,heartrate,,nik,BF385FF0-7E9B-4367-926D-D1C6CFD30D19,CREWMEMBER,,91,96,PrettyLights,1,85,10.3.1
18-02-2024 22:28:59,heartrate,,nik,BF385FF0-7E9B-4367-926D-D1C6CFD30D19,CREWMEMBER,,85,97,PrettyLights,1,85,10.3.1
18-02-2024 22:29:04,heartrate,,nik,BF385FF0-7E9B-4367-926D-D1C6CFD30D19,CREWMEMBER,,83,96,PrettyLights,1,85,10.3.1
18-02-2024 22:29:09,heartrate,,nik,BF385FF0-7E9B-4367-926D-D1C6CFD30D19,CREWMEMBER,,83,94,PrettyLights,1,85,10.3.1
18-02-2024 22:29:14,heartrate,,nik,BF385FF0-7E9B-4367-926D-D1C6CFD30D19,CREWMEMBER,,83,91,PrettyLights,1,85,10.3.1
18-02-2024 22:29:19,heartrate,,nik,BF385FF0-7E9B-4367-926D-D1C6CFD30D19,CREWMEMBER,,77,88,PrettyLights,1,85,10.3.1
18-02-2024 22:29:24,heartrate,,nik,BF385FF0-7E9B-4367-926D-D1C6CFD30D19,CREWMEMBER,,77,85,PrettyLights,1,85,10.3.1
18-02-2024 22:29:29,heartrate,,nik,BF385FF0-7E9B-4367-926D-D1C6CFD30D19,CREWMEMBER,,78,84,PrettyLights,1,85,10.3.1
18-02-2024 22:29:34,heartrate,,nik,BF385FF0-7E9B-4367-926D-D1C6CFD30D19,CREWMEMBER,,78,80,PrettyLights,1,85,10.3.1
18-02-2024 22:29:39,heartrate,,nik,BF385FF0-7E9B-4367-926D-D1C6CFD30D19,CREWMEMBER,,84,80,PrettyLights,1,85,10.3.1
18-02-2024 22:29:44,heartrate,,nik,BF385FF0-7E9B-4367-926D-D1C6CFD30D19,CREWMEMBER,,81,80,PrettyLights,1,85,10.3.1
18-02-2024 22:29:48,heartrate,,nik,BF385FF0-7E9B-4367-926D-D1C6CFD30D19,CREWMEMBER,,80,80,PrettyLights,1,85,10.3.1
18-02-2024 22:29:53,heartrate,,nik,BF385FF0-7E9B-4367-926D-D1C6CFD30D19,CREWMEMBER,,80,79,PrettyLights,1,85,10.3.1
18-02-2024 22:29:59,heartrate,,nik,BF385FF0-7E9B-4367-926D-D1C6CFD30D19,CREWMEMBER,,80,79,PrettyLights,1,85,10.3.1
18-02-2024 22:30:04,heartrate,,nik,BF385FF0-7E9B-4367-926D-D1C6CFD30D19,CREWMEMBER,,82,80,PrettyLights,1,85,10.3.1
18-02-2024 22:30:09,heartrate,,nik,BF385FF0-7E9B-4367-926D-D1C6CFD30D19,CREWMEMBER,,83,80,PrettyLights,1,85,10.3.1
18-02-2024 22:30:14,heartrate,,nik,BF385FF0-7E9B-4367-926D-D1C6CFD30D19,CREWMEMBER,,83,81,PrettyLights,1,85,10.3.1
18-02-2024 22:30:19,heartrate,,nik,BF385FF0-7E9B-4367-926D-D1C6CFD30D19,CREWMEMBER,,83,81,PrettyLights,1,85,10.3.1
18-02-2024 22:30:24,heartrate,,nik,BF385FF0-7E9B-4367-926D-D1C6CFD30D19,CREWMEMBER,,84,81,PrettyLights,1,85,10.3.1
18-02-2024 22:30:29,heartrate,,nik,BF385FF0-7E9B-4367-926D-D1C6CFD30D19,CREWMEMBER,,84,82,PrettyLights,1,85,10.3.1
18-02-2024 22:30:34,heartrate,,nik,BF385FF0-7E9B-4367-926D-D1C6CFD30D19,CREWMEMBER,,84,82,PrettyLights,1,85,10.3.1
18-02-2024 22:30:39,heartrate,,nik,BF385FF0-7E9B-4367-926D-D1C6CFD30D19,CREWMEMBER,,82,83,PrettyLights,1,85,10.3.1
18-02-2024 22:30:44,heartrate,,nik,BF385FF0-7E9B-4367-926D-D1C6CFD30D19,CREWMEMBER,,85,83,PrettyLights,1,85,10.3.1
18-02-2024 22:30:49,heartrate,,nik,BF385FF0-7E9B-4367-926D-D1C6CFD30D19,CREWMEMBER,,85,83,PrettyLights,1,85,10.3.1
18-02-2024 22:30:54,heartrate,,nik,BF385FF0-7E9B-4367-926D-D1C6CFD30D19,CREWMEMBER,,84,83,PrettyLights,1,85,10.3.1
18-02-2024 22:30:59,heartrate,,nik,BF385FF0-7E9B-4367-926D-D1C6CFD30D19,CREWMEMBER,,84,83,PrettyLights,1,85,10.3.1
18-02-2024 22:31:04,heartrate,,nik,BF385FF0-7E9B-4367-926D-D1C6CFD30D19,CREWMEMBER,,85,84,PrettyLights,1,85,10.3.1
18-02-2024 22:31:09,heartrate,,nik,BF385FF0-7E9B-4367-926D-D1C6CFD30D19,CREWMEMBER,,84,84,PrettyLights,1,85,10.3.1
18-02-2024 22:31:14,heartrate,,nik,BF385FF0-7E9B-4367-926D-D1C6CFD30D19,CREWMEMBER,,85,84,PrettyLights,1,85,10.3.1
18-02-2024 22:31:18,heartrate,,nik,BF385FF0-7E9B-4367-926D-D1C6CFD30D19,CREWMEMBER,,84,84,PrettyLights,1,85,10.3.1
18-02-2024 22:31:23,heartrate,,nik,BF385FF0-7E9B-4367-926D-D1C6CFD30D19,CREWMEMBER,,87,84,PrettyLights,1,85,10.3.1
18-02-2024 22:31:28,heartrate,,nik,BF385FF0-7E9B-4367-926D-D1C6CFD30D19,CREWMEMBER,,87,85,PrettyLights,1,85,10.3.1
18-02-2024 22:31:34,heartrate,,nik,BF385FF0-7E9B-4367-926D-D1C6CFD30D19,CREWMEMBER,,87,85,PrettyLights,1,85,10.3.1
18-02-2024 22:31:39,heartrate,,nik,BF385FF0-7E9B-4367-926D-D1C6CFD30D19,CREWMEMBER,,87,85,PrettyLights,1,85,10.3.1
18-02-2024 22:31:44,heartrate,,nik,BF385FF0-7E9B-4367-926D-D1C6CFD30D19,CREWMEMBER,,88,86,PrettyLights,1,85,10.3.1
18-02-2024 22:31:49,heartrate,,nik,BF385FF0-7E9B-4367-926D-D1C6CFD30D19,CREWMEMBER,,88,86,PrettyLights,1,85,10.3.1
18-02-2024 22:31:54,heartrate,,nik,BF385FF0-7E9B-4367-926D-D1C6CFD30D19,CREWMEMBER,,89,87,PrettyLights,1,85,10.3.1
18-02-2024 22:31:59,heartrate,,nik,BF385FF0-7E9B-4367-926D-D1C6CFD30D19,CREWMEMBER,,87,87,PrettyLights,1,85,10.3.1
18-02-2024 22:32:04,heartrate,,nik,BF385FF0-7E9B-4367-926D-D1C6CFD30D19,CREWMEMBER,,88,87,PrettyLights,1,85,10.3.1
18-02-2024 22:32:09,heartrate,,nik,BF385FF0-7E9B-4367-926D-D1C6CFD30D19,CREWMEMBER,,88,87,PrettyLights,1,85,10.3.1
18-02-2024 22:32:14,heartrate,,nik,BF385FF0-7E9B-4367-926D-D1C6CFD30D19,CREWMEMBER,,89,88,PrettyLights,1,85,10.3.1
18-02-2024 22:32:19,heartrate,,nik,BF385FF0-7E9B-4367-926D-D1C6CFD30D19,CREWMEMBER,,88,88,PrettyLights,1,85,10.3.1
18-02-2024 22:32:24,heartrate,,nik,BF385FF0-7E9B-4367-926D-D1C6CFD30D19,CREWMEMBER,,87,88,PrettyLights,1,85,10.3.1
18-02-2024 22:32:29,heartrate,,nik,BF385FF0-7E9B-4367-926D-D1C6CFD30D19,CREWMEMBER,,88,88,PrettyLights,1,85,10.3.1
18-02-2024 22:32:34,heartrate,,nik,BF385FF0-7E9B-4367-926D-D1C6CFD30D19,CREWMEMBER,,88,88,PrettyLights,1,85,10.3.1
18-02-2024 22:32:39,heartrate,,nik,BF385FF0-7E9B-4367-926D-D1C6CFD30D19,CREWMEMBER,,89,88,PrettyLights,1,85,10.3.1
18-02-2024 22:32:44,heartrate,,nik,BF385FF0-7E9B-4367-926D-D1C6CFD30D19,CREWMEMBER,,89,88,PrettyLights,1,85,10.3.1
18-02-2024 22:32:48,heartrate,,nik,BF385FF0-7E9B-4367-926D-D1C6CFD30D19,CREWMEMBER,,89,88,PrettyLights,1,85,10.3.1
18-02-2024 22:32:53,heartrate,,nik,BF385FF0-7E9B-4367-926D-D1C6CFD30D19,CREWMEMBER,,92,88,PrettyLights,1,85,10.3.1
18-02-2024 22:32:58,heartrate,,nik,BF385FF0-7E9B-4367-926D-D1C6CFD30D19,CREWMEMBER,,91,89,PrettyLights,1,85,10.3.1
18-02-2024 22:33:04,heartrate,,nik,BF385FF0-7E9B-4367-926D-D1C6CFD30D19,CREWMEMBER,,89,89,PrettyLights,1,85,10.3.1
18-02-2024 22:33:09,heartrate,,nik,BF385FF0-7E9B-4367-926D-D1C6CFD30D19,CREWMEMBER,,89,89,PrettyLights,1,85,10.3.1
18-02-2024 22:33:14,heartrate,,nik,BF385FF0-7E9B-4367-926D-D1C6CFD30D19,CREWMEMBER,,87,89,PrettyLights,1,85,10.3.1
18-02-2024 22:33:19,heartrate,,nik,BF385FF0-7E9B-4367-926D-D1C6CFD30D19,CREWMEMBER,,87,89,PrettyLights,1,85,10.3.1
18-02-2024 22:33:24,heartrate,,nik,BF385FF0-7E9B-4367-926D-D1C6CFD30D19,CREWMEMBER,,89,89,PrettyLights,1,85,10.3.1
18-02-2024 22:33:29,heartrate,,nik,BF385FF0-7E9B-4367-926D-D1C6CFD30D19,CREWMEMBER,,87,88,PrettyLights,1,85,10.3.1
18-02-2024 22:33:34,heartrate,,nik,BF385FF0-7E9B-4367-926D-D1C6CFD30D19,CREWMEMBER,,87,88,PrettyLights,1,85,10.3.1
18-02-2024 22:33:39,heartrate,,nik,BF385FF0-7E9B-4367-926D-D1C6CFD30D19,CREWMEMBER,,92,88,PrettyLights,1,85,10.3.1
18-02-2024 22:33:44,heartrate,,nik,BF385FF0-7E9B-4367-926D-D1C6CFD30D19,CREWMEMBER,,91,88,PrettyLights,1,85,10.3.1
18-02-2024 22:33:49,heartrate,,nik,BF385FF0-7E9B-4367-926D-D1C6CFD30D19,CREWMEMBER,,91,88,PrettyLights,1,85,10.3.1
18-02-2024 22:33:54,heartrate,,nik,BF385FF0-7E9B-4367-926D-D1C6CFD30D19,CREWMEMBER,,90,89,PrettyLights,1,85,10.3.1
18-02-2024 22:33:59,heartrate,,nik,BF385FF0-7E9B-4367-926D-D1C6CFD30D19,CREWMEMBER,,90,89,PrettyLights,1,85,10.3.1
18-02-2024 22:34:04,heartrate,,nik,BF385FF0-7E9B-4367-926D-D1C6CFD30D19,CREWMEMBER,,92,90,PrettyLights,1,85,10.3.1
18-02-2024 22:34:09,heartrate,,nik,BF385FF0-7E9B-4367-926D-D1C6CFD30D19,CREWMEMBER,,91,90,PrettyLights,1,85,10.3.1
18-02-2024 22:34:14,heartrate,,nik,BF385FF0-7E9B-4367-926D-D1C6CFD30D19,CREWMEMBER,,91,91,PrettyLights,1,85,10.3.1
18-02-2024 22:34:19,heartrate,,nik,BF385FF0-7E9B-4367-926D-D1C6CFD30D19,CREWMEMBER,,91,90,PrettyLights,1,85,10.3.1
18-02-2024 22:34:23,heartrate,,nik,BF385FF0-7E9B-4367-926D-D1C6CFD30D19,CREWMEMBER,,87,90,PrettyLights,1,85,10.3.1
18-02-2024 22:34:28,heartrate,,nik,BF385FF0-7E9B-4367-926D-D1C6CFD30D19,CREWMEMBER,,88,90,PrettyLights,1,85,10.3.1
18-02-2024 22:34:34,heartrate,,nik,BF385FF0-7E9B-4367-926D-D1C6CFD30D19,CREWMEMBER,,88,89,PrettyLights,1,85,10.3.1
18-02-2024 22:34:39,heartrate,,nik,BF385FF0-7E9B-4367-926D-D1C6CFD30D19,CREWMEMBER,,86,89,PrettyLights,1,85,10.3.1
18-02-2024 22:34:44,heartrate,,nik,BF385FF0-7E9B-4367-926D-D1C6CFD30D19,CREWMEMBER,,87,89,PrettyLights,1,85,10.3.1
18-02-2024 22:34:49,heartrate,,nik,BF385FF0-7E9B-4367-926D-D1C6CFD30D19,CREWMEMBER,,87,88,PrettyLights,1,85,10.3.1
18-02-2024 22:34:59,heartrate,,nik,BF385FF0-7E9B-4367-926D-D1C6CFD30D19,CREWMEMBER,,95,88,PrettyLights,1,85,10.3.1
18-02-2024 22:35:04,heartrate,,nik,BF385FF0-7E9B-4367-926D-D1C6CFD30D19,CREWMEMBER,,109,91,PrettyLights,1,85,10.3.1
18-02-2024 22:35:09,heartrate,,nik,BF385FF0-7E9B-4367-926D-D1C6CFD30D19,CREWMEMBER,,112,94,PrettyLights,1,85,10.3.1
18-02-2024 22:35:14,heartrate,,nik,BF385FF0-7E9B-4367-926D-D1C6CFD30D19,CREWMEMBER,,122,99,PrettyLights,1,85,10.3.1
18-02-2024 22:35:19,heartrate,,nik,BF385FF0-7E9B-4367-926D-D1C6CFD30D19,CREWMEMBER,,121,104,PrettyLights,1,85,10.3.1
18-02-2024 22:35:24,heartrate,,nik,BF385FF0-7E9B-4367-926D-D1C6CFD30D19,CREWMEMBER,,114,108,PrettyLights,1,85,10.3.1
18-02-2024 22:35:29,heartrate,,nik,BF385FF0-7E9B-4367-926D-D1C6CFD30D19,CREWMEMBER,,114,112,PrettyLights,1,85,10.3.1
18-02-2024 22:35:34,heartrate,,nik,BF385FF0-7E9B-4367-926D-D1C6CFD30D19,CREWMEMBER,,114,112,PrettyLights,1,85,10.3.1
18-02-2024 22:35:39,heartrate,,nik,BF385FF0-7E9B-4367-926D-D1C6CFD30D19,CREWMEMBER,,113,114,PrettyLights,1,85,10.3.1
18-02-2024 22:35:44,heartrate,,nik,BF385FF0-7E9B-4367-926D-D1C6CFD30D19,CREWMEMBER,,108,114,PrettyLights,1,85,10.3.1
18-02-2024 22:35:49,heartrate,,nik,BF385FF0-7E9B-4367-926D-D1C6CFD30D19,CREWMEMBER,,106,114,PrettyLights,1,85,10.3.1
18-02-2024 22:35:54,heartrate,,nik,BF385FF0-7E9B-4367-926D-D1C6CFD30D19,CREWMEMBER,,109,112,PrettyLights,1,85,10.3.1
18-02-2024 22:35:59,heartrate,,nik,BF385FF0-7E9B-4367-926D-D1C6CFD30D19,CREWMEMBER,,108,110,PrettyLights,1,85,10.3.1
18-02-2024 22:36:03,heartrate,,nik,BF385FF0-7E9B-4367-926D-D1C6CFD30D19,CREWMEMBER,,110,110,PrettyLights,1,85,10.3.1
18-02-2024 22:36:09,heartrate,,nik,BF385FF0-7E9B-4367-926D-D1C6CFD30D19,CREWMEMBER,,110,110,PrettyLights,1,85,10.3.1
18-02-2024 22:36:14,heartrate,,nik,BF385FF0-7E9B-4367-926D-D1C6CFD30D19,CREWMEMBER,,109,109,PrettyLights,1,85,10.3.1
18-02-2024 22:36:19,heartrate,,nik,BF385FF0-7E9B-4367-926D-D1C6CFD30D19,CREWMEMBER,,108,108,PrettyLights,1,85,10.3.1
18-02-2024 22:36:24,heartrate,,nik,BF385FF0-7E9B-4367-926D-D1C6CFD30D19,CREWMEMBER,,105,108,PrettyLights,1,85,10.3.1
18-02-2024 22:36:29,heartrate,,nik,BF385FF0-7E9B-4367-926D-D1C6CFD30D19,CREWMEMBER,,100,107,PrettyLights,1,85,10.3.1
18-02-2024 22:36:44,heartrate,,nik,BF385FF0-7E9B-4367-926D-D1C6CFD30D19,CREWMEMBER,,118,108,PrettyLights,1,85,10.3.1
18-02-2024 22:36:49,heartrate,,nik,BF385FF0-7E9B-4367-926D-D1C6CFD30D19,CREWMEMBER,,122,110,PrettyLights,1,85,10.3.1
18-02-2024 22:36:54,heartrate,,nik,BF385FF0-7E9B-4367-926D-D1C6CFD30D19,CREWMEMBER,,127,113,PrettyLights,1,85,10.3.1
18-02-2024 22:36:59,heartrate,,nik,BF385FF0-7E9B-4367-926D-D1C6CFD30D19,CREWMEMBER,,127,116,PrettyLights,1,85,10.3.1
18-02-2024 22:37:28,heartrate,,nik,BF385FF0-7E9B-4367-926D-D1C6CFD30D19,CREWMEMBER,,138,128,PrettyLights,1,85,10.3.1
18-02-2024 22:37:33,heartrate,,nik,BF385FF0-7E9B-4367-926D-D1C6CFD30D19,CREWMEMBER,,137,132,PrettyLights,1,85,10.3.1
18-02-2024 23:14:25,heartrate,,nik,BF385FF0-7E9B-4367-926D-D1C6CFD30D19,CREWMEMBER,,107,112,PrettyLights,1,80,10.3.1
18-02-2024 23:14:30,heartrate,,nik,BF385FF0-7E9B-4367-926D-D1C6CFD30D19,CREWMEMBER,,103,112,PrettyLights,1,80,10.3.1
18-02-2024 23:14:34,heartrate,,nik,BF385FF0-7E9B-4367-926D-D1C6CFD30D19,CREWMEMBER,,104,111,PrettyLights,1,80,10.3.1
18-02-2024 23:14:39,heartrate,,nik,BF385FF0-7E9B-4367-926D-D1C6CFD30D19,CREWMEMBER,,105,110,PrettyLights,1,80,10.3.1
18-02-2024 23:14:44,heartrate,,nik,BF385FF0-7E9B-4367-926D-D1C6CFD30D19,CREWMEMBER,,111,109,PrettyLights,1,80,10.3.1
18-02-2024 23:14:49,heartrate,,nik,BF385FF0-7E9B-4367-926D-D1C6CFD30D19,CREWMEMBER,,111,108,PrettyLights,1,80,10.3.1
18-02-2024 23:14:55,heartrate,,nik,BF385FF0-7E9B-4367-926D-D1C6CFD30D19,CREWMEMBER,,111,108,PrettyLights,1,80,10.3.1
18-02-2024 23:15:00,heartrate,,nik,BF385FF0-7E9B-4367-926D-D1C6CFD30D19,CREWMEMBER,,104,107,PrettyLights,1,80,10.3.1
18-02-2024 23:15:05,heartrate,,nik,BF385FF0-7E9B-4367-926D-D1C6CFD30D19,CREWMEMBER,,103,106,PrettyLights,1,80,10.3.1
18-02-2024 23:15:10,heartrate,,nik,BF385FF0-7E9B-4367-926D-D1C6CFD30D19,CREWMEMBER,,105,106,PrettyLights,1,80,10.3.1
18-02-2024 23:15:15,heartrate,,nik,BF385FF0-7E9B-4367-926D-D1C6CFD30D19,CREWMEMBER,,104,106,PrettyLights,1,80,10.3.1
18-02-2024 23:15:20,heartrate,,nik,BF385FF0-7E9B-4367-926D-D1C6CFD30D19,CREWMEMBER,,105,106,PrettyLights,1,80,10.3.1
18-02-2024 23:15:25,heartrate,,nik,BF385FF0-7E9B-4367-926D-D1C6CFD30D19,CREWMEMBER,,107,106,PrettyLights,1,80,10.3.1
18-02-2024 23:15:30,heartrate,,nik,BF385FF0-7E9B-4367-926D-D1C6CFD30D19,CREWMEMBER,,107,105,PrettyLights,1,80,10.3.1
18-02-2024 23:15:35,heartrate,,nik,BF385FF0-7E9B-4367-926D-D1C6CFD30D19,CREWMEMBER,,107,105,PrettyLights,1,80,10.3.1
18-02-2024 23:16:04,heartrate,,nik,BF385FF0-7E9B-4367-926D-D1C6CFD30D19,CREWMEMBER,,105,106,PrettyLights,1,80,10.3.1
18-02-2024 23:16:09,heartrate,,nik,BF385FF0-7E9B-4367-926D-D1C6CFD30D19,CREWMEMBER,,102,105,PrettyLights,1,80,10.3.1
18-02-2024 23:16:24,heartrate,,nik,BF385FF0-7E9B-4367-926D-D1C6CFD30D19,CREWMEMBER,,114,107,PrettyLights,1,80,10.3.1
18-02-2024 23:16:30,heartrate,,nik,BF385FF0-7E9B-4367-926D-D1C6CFD30D19,CREWMEMBER,,118,109,PrettyLights,1,80,10.3.1
18-02-2024 23:16:35,heartrate,,nik,BF385FF0-7E9B-4367-926D-D1C6CFD30D19,CREWMEMBER,,109,109,PrettyLights,1,80,10.3.1
18-02-2024 23:16:40,heartrate,,nik,BF385FF0-7E9B-4367-926D-D1C6CFD30D19,CREWMEMBER,,105,108,PrettyLights,1,80,10.3.1
18-02-2024 23:16:45,heartrate,,nik,BF385FF0-7E9B-4367-926D-D1C6CFD30D19,CREWMEMBER,,105,108,PrettyLights,1,80,10.3.1
18-02-2024 23:16:50,heartrate,,nik,BF385FF0-7E9B-4367-926D-D1C6CFD30D19,CREWMEMBER,,106,109,PrettyLights,1,80,10.3.1
18-02-2024 23:16:55,heartrate,,nik,BF385FF0-7E9B-4367-926D-D1C6CFD30D19,CREWMEMBER,,108,109,PrettyLights,1,80,10.3.1
18-02-2024 23:17:00,heartrate,,nik,BF385FF0-7E9B-4367-926D-D1C6CFD30D19,CREWMEMBER,,111,109,PrettyLights,1,80,10.3.1
18-02-2024 23:17:05,heartrate,,nik,BF385FF0-7E9B-4367-926D-D1C6CFD30D19,CREWMEMBER,,113,109,PrettyLights,1,80,10.3.1
18-02-2024 23:17:10,heartrate,,nik,BF385FF0-7E9B-4367-926D-D1C6CFD30D19,CREWMEMBER,,113,108,PrettyLights,1,80,10.3.1
18-02-2024 23:17:15,heartrate,,nik,BF385FF0-7E9B-4367-926D-D1C6CFD30D19,CREWMEMBER,,113,109,PrettyLights,1,80,10.3.1
18-02-2024 23:17:20,heartrate,,nik,BF385FF0-7E9B-4367-926D-D1C6CFD30D19,CREWMEMBER,,113,109,PrettyLights,1,80,10.3.1
18-02-2024 23:17:25,heartrate,,nik,BF385FF0-7E9B-4367-926D-D1C6CFD30D19,CREWMEMBER,,111,111,PrettyLights,1,80,10.3.1
18-02-2024 23:17:30,heartrate,,nik,BF385FF0-7E9B-4367-926D-D1C6CFD30D19,CREWMEMBER,,107,111,PrettyLights,1,80,10.3.1
18-02-2024 23:17:34,heartrate,,nik,BF385FF0-7E9B-4367-926D-D1C6CFD30D19,CREWMEMBER,,102,110,PrettyLights,1,80,10.3.1
18-02-2024 23:17:39,heartrate,,nik,BF385FF0-7E9B-4367-926D-D1C6CFD30D19,CREWMEMBER,,98,109,PrettyLights,1,80,10.3.1
18-02-2024 23:17:44,heartrate,,nik,BF385FF0-7E9B-4367-926D-D1C6CFD30D19,CREWMEMBER,,98,107,PrettyLights,1,80,10.3.1
18-02-2024 23:17:49,heartrate,,nik,BF385FF0-7E9B-4367-926D-D1C6CFD30D19,CREWMEMBER,,99,106,PrettyLights,1,80,10.3.1
18-02-2024 23:17:54,heartrate,,nik,BF385FF0-7E9B-4367-926D-D1C6CFD30D19,CREWMEMBER,,99,104,PrettyLights,1,80,10.3.1
18-02-2024 23:18:00,heartrate,,nik,BF385FF0-7E9B-4367-926D-D1C6CFD30D19,CREWMEMBER,,97,102,PrettyLights,1,80,10.3.1
18-02-2024 23:18:05,heartrate,,nik,BF385FF0-7E9B-4367-926D-D1C6CFD30D19,CREWMEMBER,,96,100,PrettyLights,1,80,10.3.1
18-02-2024 23:18:10,heartrate,,nik,BF385FF0-7E9B-4367-926D-D1C6CFD30D19,CREWMEMBER,,97,98,PrettyLights,1,80,10.3.1
18-02-2024 23:18:15,heartrate,,nik,BF385FF0-7E9B-4367-926D-D1C6CFD30D19,CREWMEMBER,,99,97,PrettyLights,1,80,10.3.1
18-02-2024 23:18:20,heartrate,,nik,BF385FF0-7E9B-4367-926D-D1C6CFD30D19,CREWMEMBER,,99,98,PrettyLights,1,80,10.3.1
18-02-2024 23:18:25,heartrate,,nik,BF385FF0-7E9B-4367-926D-D1C6CFD30D19,CREWMEMBER,,98,98,PrettyLights,1,80,10.3.1
18-02-2024 23:18:30,heartrate,,nik,BF385FF0-7E9B-4367-926D-D1C6CFD30D19,CREWMEMBER,,99,98,PrettyLights,1,80,10.3.1
18-02-2024 23:18:35,heartrate,,nik,BF385FF0-7E9B-4367-926D-D1C6CFD30D19,CREWMEMBER,,104,98,PrettyLights,1,80,10.3.1
18-02-2024 23:18:40,heartrate,,nik,BF385FF0-7E9B-4367-926D-D1C6CFD30D19,CREWMEMBER,,104,99,PrettyLights,1,80,10.3.1
18-02-2024 23:18:45,heartrate,,nik,BF385FF0-7E9B-4367-926D-D1C6CFD30D19,CREWMEMBER,,101,100,PrettyLights,1,80,10.3.1
18-02-2024 23:18:50,heartrate,,nik,BF385FF0-7E9B-4367-926D-D1C6CFD30D19,CREWMEMBER,,103,100,PrettyLights,1,80,10.3.1
18-02-2024 23:18:55,heartrate,,nik,BF385FF0-7E9B-4367-926D-D1C6CFD30D19,CREWMEMBER,,104,101,PrettyLights,1,80,10.3.1
18-02-2024 23:19:00,heartrate,,nik,BF385FF0-7E9B-4367-926D-D1C6CFD30D19,CREWMEMBER,,104,102,PrettyLights,1,80,10.3.1
18-02-2024 23:19:05,heartrate,,nik,BF385FF0-7E9B-4367-926D-D1C6CFD30D19,CREWMEMBER,,99,102,PrettyLights,1,80,10.3.1
18-02-2024 23:19:09,heartrate,,nik,BF385FF0-7E9B-4367-926D-D1C6CFD30D19,CREWMEMBER,,100,102,PrettyLights,1,80,10.3.1
18-02-2024 23:19:14,heartrate,,nik,BF385FF0-7E9B-4367-926D-D1C6CFD30D19,CREWMEMBER,,100,102,PrettyLights,1,80,10.3.1
18-02-2024 23:19:19,heartrate,,nik,BF385FF0-7E9B-4367-926D-D1C6CFD30D19,CREWMEMBER,,101,101,PrettyLights,1,80,10.3.1
18-02-2024 23:19:24,heartrate,,nik,BF385FF0-7E9B-4367-926D-D1C6CFD30D19,CREWMEMBER,,101,101,PrettyLights,1,80,10.3.1
18-02-2024 23:19:30,heartrate,,nik,BF385FF0-7E9B-4367-926D-D1C6CFD30D19,CREWMEMBER,,97,101,PrettyLights,1,80,10.3.1
18-02-2024 23:19:35,heartrate,,nik,BF385FF0-7E9B-4367-926D-D1C6CFD30D19,CREWMEMBER,,97,100,PrettyLights,1,80,10.3.1
18-02-2024 23:19:40,heartrate,,nik,BF385FF0-7E9B-4367-926D-D1C6CFD30D19,CREWMEMBER,,100,99,PrettyLights,1,80,10.3.1
18-02-2024 23:19:45,heartrate,,nik,BF385FF0-7E9B-4367-926D-D1C6CFD30D19,CREWMEMBER,,101,99,PrettyLights,1,80,10.3.1
18-02-2024 23:19:50,heartrate,,nik,BF385FF0-7E9B-4367-926D-D1C6CFD30D19,CREWMEMBER,,100,99,PrettyLights,1,80,10.3.1
18-02-2024 23:19:55,heartrate,,nik,BF385FF0-7E9B-4367-926D-D1C6CFD30D19,CREWMEMBER,,99,99,PrettyLights,1,80,10.3.1
18-02-2024 23:20:00,heartrate,,nik,BF385FF0-7E9B-4367-926D-D1C6CFD30D19,CREWMEMBER,,98,99,PrettyLights,1,80,10.3.1
18-02-2024 23:20:05,heartrate,,nik,BF385FF0-7E9B-4367-926D-D1C6CFD30D19,CREWMEMBER,,104,99,PrettyLights,1,80,10.3.1
18-02-2024 23:20:10,heartrate,,nik,BF385FF0-7E9B-4367-926D-D1C6CFD30D19,CREWMEMBER,,99,99,PrettyLights,1,80,10.3.1
18-02-2024 23:20:15,heartrate,,nik,BF385FF0-7E9B-4367-926D-D1C6CFD30D19,CREWMEMBER,,99,100,PrettyLights,1,80,10.3.1
18-02-2024 23:20:20,heartrate,,nik,BF385FF0-7E9B-4367-926D-D1C6CFD30D19,CREWMEMBER,,101,100,PrettyLights,1,80,10.3.1
18-02-2024 23:20:25,heartrate,,nik,BF385FF0-7E9B-4367-926D-D1C6CFD30D19,CREWMEMBER,,103,100,PrettyLights,1,80,10.3.1
18-02-2024 23:20:30,heartrate,,nik,BF385FF0-7E9B-4367-926D-D1C6CFD30D19,CREWMEMBER,,102,100,PrettyLights,1,80,10.3.1
18-02-2024 23:20:35,heartrate,,nik,BF385FF0-7E9B-4367-926D-D1C6CFD30D19,CREWMEMBER,,101,100,PrettyLights,1,80,10.3.1
18-02-2024 23:20:39,heartrate,,nik,BF385FF0-7E9B-4367-926D-D1C6CFD30D19,CREWMEMBER,,98,100,PrettyLights,1,80,10.3.1
18-02-2024 23:20:44,heartrate,,nik,BF385FF0-7E9B-4367-926D-D1C6CFD30D19,CREWMEMBER,,98,100,PrettyLights,1,80,10.3.1
18-02-2024 23:20:49,heartrate,,nik,BF385FF0-7E9B-4367-926D-D1C6CFD30D19,CREWMEMBER,,97,99,PrettyLights,1,80,10.3.1
18-02-2024 23:20:54,heartrate,,nik,BF385FF0-7E9B-4367-926D-D1C6CFD30D19,CREWMEMBER,,100,99,PrettyLights,1,80,10.3.1
18-02-2024 23:20:59,heartrate,,nik,BF385FF0-7E9B-4367-926D-D1C6CFD30D19,CREWMEMBER,,98,99,PrettyLights,1,80,10.3.1
18-02-2024 23:21:05,heartrate,,nik,BF385FF0-7E9B-4367-926D-D1C6CFD30D19,CREWMEMBER,,97,99,PrettyLights,1,80,10.3.1
18-02-2024 23:21:10,heartrate,,nik,BF385FF0-7E9B-4367-926D-D1C6CFD30D19,CREWMEMBER,,100,99,PrettyLights,1,80,10.3.1
18-02-2024 23:21:20,heartrate,,nik,BF385FF0-7E9B-4367-926D-D1C6CFD30D19,CREWMEMBER,,99,98,PrettyLights,1,80,10.3.1
18-02-2024 23:21:25,heartrate,,nik,BF385FF0-7E9B-4367-926D-D1C6CFD30D19,CREWMEMBER,,94,97,PrettyLights,1,80,10.3.1
18-02-2024 23:21:30,heartrate,,nik,BF385FF0-7E9B-4367-926D-D1C6CFD30D19,CREWMEMBER,,93,97,PrettyLights,1,80,10.3.1
18-02-2024 23:21:35,heartrate,,nik,BF385FF0-7E9B-4367-926D-D1C6CFD30D19,CREWMEMBER,,94,96,PrettyLights,1,80,10.3.1
18-02-2024 23:21:40,heartrate,,nik,BF385FF0-7E9B-4367-926D-D1C6CFD30D19,CREWMEMBER,,95,96,PrettyLights,1,80,10.3.1
18-02-2024 23:21:45,heartrate,,nik,BF385FF0-7E9B-4367-926D-D1C6CFD30D19,CREWMEMBER,,95,95,PrettyLights,1,80,10.3.1
18-02-2024 23:21:50,heartrate,,nik,BF385FF0-7E9B-4367-926D-D1C6CFD30D19,CREWMEMBER,,95,95,PrettyLights,1,80,10.3.1
18-02-2024 23:21:55,heartrate,,nik,BF385FF0-7E9B-4367-926D-D1C6CFD30D19,CREWMEMBER,,97,95,PrettyLights,1,80,10.3.1
18-02-2024 23:22:00,heartrate,,nik,BF385FF0-7E9B-4367-926D-D1C6CFD30D19,CREWMEMBER,,103,95,PrettyLights,1,80,10.3.1
18-02-2024 23:22:05,heartrate,,nik,BF385FF0-7E9B-4367-926D-D1C6CFD30D19,CREWMEMBER,,100,96,PrettyLights,1,80,10.3.1
18-02-2024 23:22:09,heartrate,,nik,BF385FF0-7E9B-4367-926D-D1C6CFD30D19,CREWMEMBER,,96,96,PrettyLights,1,80,10.3.1
18-02-2024 23:22:14,heartrate,,nik,BF385FF0-7E9B-4367-926D-D1C6CFD30D19,CREWMEMBER,,96,96,PrettyLights,1,80,10.3.1
18-02-2024 23:22:19,heartrate,,nik,BF385FF0-7E9B-4367-926D-D1C6CFD30D19,CREWMEMBER,,100,97,PrettyLights,1,80,10.3.1
18-02-2024 23:22:24,heartrate,,nik,BF385FF0-7E9B-4367-926D-D1C6CFD30D19,CREWMEMBER,,101,98,PrettyLights,1,80,10.3.1
18-02-2024 23:22:29,heartrate,,nik,BF385FF0-7E9B-4367-926D-D1C6CFD30D19,CREWMEMBER,,98,98,PrettyLights,1,80,10.3.1
18-02-2024 23:22:35,heartrate,,nik,BF385FF0-7E9B-4367-926D-D1C6CFD30D19,CREWMEMBER,,99,98,PrettyLights,1,80,10.3.1
18-02-2024 23:22:40,heartrate,,nik,BF385FF0-7E9B-4367-926D-D1C6CFD30D19,CREWMEMBER,,99,99,PrettyLights,1,80,10.3.1
18-02-2024 23:22:45,heartrate,,nik,BF385FF0-7E9B-4367-926D-D1C6CFD30D19,CREWMEMBER,,99,98,PrettyLights,1,80,10.3.1
18-02-2024 23:22:50,heartrate,,nik,BF385FF0-7E9B-4367-926D-D1C6CFD30D19,CREWMEMBER,,100,99,PrettyLights,1,80,10.3.1
18-02-2024 23:22:55,heartrate,,nik,BF385FF0-7E9B-4367-926D-D1C6CFD30D19,CREWMEMBER,,102,99,PrettyLights,1,80,10.3.1
18-02-2024 23:23:00,heartrate,,nik,BF385FF0-7E9B-4367-926D-D1C6CFD30D19,CREWMEMBER,,104,100,PrettyLights,1,80,10.3.1
18-02-2024 23:23:05,heartrate,,nik,BF385FF0-7E9B-4367-926D-D1C6CFD30D19,CREWMEMBER,,105,100,PrettyLights,1,80,10.3.1
18-02-2024 23:23:10,heartrate,,nik,BF385FF0-7E9B-4367-926D-D1C6CFD30D19,CREWMEMBER,,103,101,PrettyLights,1,80,10.3.1
18-02-2024 23:23:15,heartrate,,nik,BF385FF0-7E9B-4367-926D-D1C6CFD30D19,CREWMEMBER,,102,101,PrettyLights,1,80,10.3.1
18-02-2024 23:23:20,heartrate,,nik,BF385FF0-7E9B-4367-926D-D1C6CFD30D19,CREWMEMBER,,98,101,PrettyLights,1,80,10.3.1
18-02-2024 23:23:25,heartrate,,nik,BF385FF0-7E9B-4367-926D-D1C6CFD30D19,CREWMEMBER,,99,101,PrettyLights,1,80,10.3.1
18-02-2024 23:23:30,heartrate,,nik,BF385FF0-7E9B-4367-926D-D1C6CFD30D19,CREWMEMBER,,100,101,PrettyLights,1,80,10.3.1
18-02-2024 23:23:35,heartrate,,nik,BF385FF0-7E9B-4367-926D-D1C6CFD30D19,CREWMEMBER,,100,101,PrettyLights,1,80,10.3.1
18-02-2024 23:23:40,heartrate,,nik,BF385FF0-7E9B-4367-926D-D1C6CFD30D19,CREWMEMBER,,102,101,PrettyLights,1,80,10.3.1
18-02-2024 23:23:44,heartrate,,nik,BF385FF0-7E9B-4367-926D-D1C6CFD30D19,CREWMEMBER,,103,101,PrettyLights,1,80,10.3.1
18-02-2024 23:23:49,heartrate,,nik,BF385FF0-7E9B-4367-926D-D1C6CFD30D19,CREWMEMBER,,102,101,PrettyLights,1,80,10.3.1
18-02-2024 23:23:54,heartrate,,nik,BF385FF0-7E9B-4367-926D-D1C6CFD30D19,CREWMEMBER,,100,100,PrettyLights,1,80,10.3.1
18-02-2024 23:23:59,heartrate,,nik,BF385FF0-7E9B-4367-926D-D1C6CFD30D19,CREWMEMBER,,98,100,PrettyLights,1,80,10.3.1
18-02-2024 23:24:05,heartrate,,nik,BF385FF0-7E9B-4367-926D-D1C6CFD30D19,CREWMEMBER,,98,100,PrettyLights,1,80,10.3.1
18-02-2024 23:24:10,heartrate,,nik,BF385FF0-7E9B-4367-926D-D1C6CFD30D19,CREWMEMBER,,97,100,PrettyLights,1,80,10.3.1
18-02-2024 23:24:15,heartrate,,nik,BF385FF0-7E9B-4367-926D-D1C6CFD30D19,CREWMEMBER,,96,99,PrettyLights,1,80,10.3.1
18-02-2024 23:24:20,heartrate,,nik,BF385FF0-7E9B-4367-926D-D1C6CFD30D19,CREWMEMBER,,94,98,PrettyLights,1,80,10.3.1
18-02-2024 23:24:25,heartrate,,nik,BF385FF0-7E9B-4367-926D-D1C6CFD30D19,CREWMEMBER,,98,97,PrettyLights,1,80,10.3.1
18-02-2024 23:24:30,heartrate,,nik,BF385FF0-7E9B-4367-926D-D1C6CFD30D19,CREWMEMBER,,97,97,PrettyLights,1,80,10.3.1
18-02-2024 23:24:35,heartrate,,nik,BF385FF0-7E9B-4367-926D-D1C6CFD30D19,CREWMEMBER,,94,96,PrettyLights,1,80,10.3.1
18-02-2024 23:24:40,heartrate,,nik,BF385FF0-7E9B-4367-926D-D1C6CFD30D19,CREWMEMBER,,95,96,PrettyLights,1,80,10.3.1
18-02-2024 23:24:45,heartrate,,nik,BF385FF0-7E9B-4367-926D-D1C6CFD30D19,CREWMEMBER,,95,95,PrettyLights,1,80,10.3.1
18-02-2024 23:24:50,heartrate,,nik,BF385FF0-7E9B-4367-926D-D1C6CFD30D19,CREWMEMBER,,100,96,PrettyLights,1,80,10.3.1
18-02-2024 23:24:55,heartrate,,nik,BF385FF0-7E9B-4367-926D-D1C6CFD30D19,CREWMEMBER,,99,96,PrettyLights,1,80,10.3.1
18-02-2024 23:25:00,heartrate,,nik,BF385FF0-7E9B-4367-926D-D1C6CFD30D19,CREWMEMBER,,101,97,PrettyLights,1,80,10.3.1
18-02-2024 23:25:05,heartrate,,nik,BF385FF0-7E9B-4367-926D-D1C6CFD30D19,CREWMEMBER,,101,97,PrettyLights,1,80,10.3.1
18-02-2024 23:25:10,heartrate,,nik,BF385FF0-7E9B-4367-926D-D1C6CFD30D19,CREWMEMBER,,100,98,PrettyLights,1,80,10.3.1
18-02-2024 23:25:14,heartrate,,nik,BF385FF0-7E9B-4367-926D-D1C6CFD30D19,CREWMEMBER,,97,98,PrettyLights,1,80,10.3.1
18-02-2024 23:25:19,heartrate,,nik,BF385FF0-7E9B-4367-926D-D1C6CFD30D19,CREWMEMBER,,96,98,PrettyLights,1,80,10.3.1
18-02-2024 23:25:24,heartrate,,nik,BF385FF0-7E9B-4367-926D-D1C6CFD30D19,CREWMEMBER,,102,99,PrettyLights,1,80,10.3.1
18-02-2024 23:25:29,heartrate,,nik,BF385FF0-7E9B-4367-926D-D1C6CFD30D19,CREWMEMBER,,103,99,PrettyLights,1,80,10.3.1
18-02-2024 23:25:34,heartrate,,nik,BF385FF0-7E9B-4367-926D-D1C6CFD30D19,CREWMEMBER,,101,100,PrettyLights,1,80,10.3.1
18-02-2024 23:25:40,heartrate,,nik,BF385FF0-7E9B-4367-926D-D1C6CFD30D19,CREWMEMBER,,103,100,PrettyLights,1,80,10.3.1
18-02-2024 23:25:45,heartrate,,nik,BF385FF0-7E9B-4367-926D-D1C6CFD30D19,CREWMEMBER,,96,99,PrettyLights,1,80,10.3.1
18-02-2024 23:25:50,heartrate,,nik,BF385FF0-7E9B-4367-926D-D1C6CFD30D19,CREWMEMBER,,93,98,PrettyLights,1,80,10.3.1
18-02-2024 23:25:55,heartrate,,nik,BF385FF0-7E9B-4367-926D-D1C6CFD30D19,CREWMEMBER,,95,98,PrettyLights,1,80,10.3.1
18-02-2024 23:26:00,heartrate,,nik,BF385FF0-7E9B-4367-926D-D1C6CFD30D19,CREWMEMBER,,98,98,PrettyLights,1,80,10.3.1
18-02-2024 23:26:05,heartrate,,nik,BF385FF0-7E9B-4367-926D-D1C6CFD30D19,CREWMEMBER,,98,98,PrettyLights,1,80,10.3.1
18-02-2024 23:26:10,heartrate,,nik,BF385FF0-7E9B-4367-926D-D1C6CFD30D19,CREWMEMBER,,97,97,PrettyLights,1,80,10.3.1
18-02-2024 23:26:15,heartrate,,nik,BF385FF0-7E9B-4367-926D-D1C6CFD30D19,CREWMEMBER,,97,97,PrettyLights,1,80,10.3.1
18-02-2024 23:26:20,heartrate,,nik,BF385FF0-7E9B-4367-926D-D1C6CFD30D19,CREWMEMBER,,97,96,PrettyLights,1,80,10.3.1
18-02-2024 23:26:25,heartrate,,nik,BF385FF0-7E9B-4367-926D-D1C6CFD30D19,CREWMEMBER,,99,96,PrettyLights,1,80,10.3.1
18-02-2024 23:26:30,heartrate,,nik,BF385FF0-7E9B-4367-926D-D1C6CFD30D19,CREWMEMBER,,102,97,PrettyLights,1,80,10.3.1
18-02-2024 23:26:35,heartrate,,nik,BF385FF0-7E9B-4367-926D-D1C6CFD30D19,CREWMEMBER,,99,98,PrettyLights,1,80,10.3.1
18-02-2024 23:26:40,heartrate,,nik,BF385FF0-7E9B-4367-926D-D1C6CFD30D19,CREWMEMBER,,98,98,PrettyLights,1,80,10.3.1
18-02-2024 23:26:45,heartrate,,nik,BF385FF0-7E9B-4367-926D-D1C6CFD30D19,CREWMEMBER,,96,98,PrettyLights,1,75,10.3.1
18-02-2024 23:26:49,heartrate,,nik,BF385FF0-7E9B-4367-926D-D1C6CFD30D19,CREWMEMBER,,95,97,PrettyLights,1,75,10.3.1
18-02-2024 23:26:54,heartrate,,nik,BF385FF0-7E9B-4367-926D-D1C6CFD30D19,CREWMEMBER,,96,97,PrettyLights,1,75,10.3.1
18-02-2024 23:26:59,heartrate,,nik,BF385FF0-7E9B-4367-926D-D1C6CFD30D19,CREWMEMBER,,97,97,PrettyLights,1,75,10.3.1
18-02-2024 23:27:04,heartrate,,nik,BF385FF0-7E9B-4367-926D-D1C6CFD30D19,CREWMEMBER,,105,98,PrettyLights,1,75,10.3.1
18-02-2024 23:27:10,heartrate,,nik,BF385FF0-7E9B-4367-926D-D1C6CFD30D19,CREWMEMBER,,101,98,PrettyLights,1,75,10.3.1
18-02-2024 23:27:15,heartrate,,nik,BF385FF0-7E9B-4367-926D-D1C6CFD30D19,CREWMEMBER,,98,98,PrettyLights,1,75,10.3.1
18-02-2024 23:27:20,heartrate,,nik,BF385FF0-7E9B-4367-926D-D1C6CFD30D19,CREWMEMBER,,100,98,PrettyLights,1,75,10.3.1
18-02-2024 23:27:25,heartrate,,nik,BF385FF0-7E9B-4367-926D-D1C6CFD30D19,CREWMEMBER,,105,99,PrettyLights,1,75,10.3.1
18-02-2024 23:27:30,heartrate,,nik,BF385FF0-7E9B-4367-926D-D1C6CFD30D19,CREWMEMBER,,100,100,PrettyLights,1,75,10.3.1
18-02-2024 23:27:35,heartrate,,nik,BF385FF0-7E9B-4367-926D-D1C6CFD30D19,CREWMEMBER,,100,100,PrettyLights,1,75,10.3.1
18-02-2024 23:27:40,heartrate,,nik,BF385FF0-7E9B-4367-926D-D1C6CFD30D19,CREWMEMBER,,99,101,PrettyLights,1,75,10.3.1
18-02-2024 23:27:45,heartrate,,nik,BF385FF0-7E9B-4367-926D-D1C6CFD30D19,CREWMEMBER,,99,100,PrettyLights,1,75,10.3.1
18-02-2024 23:27:50,heartrate,,nik,BF385FF0-7E9B-4367-926D-D1C6CFD30D19,CREWMEMBER,,97,99,PrettyLights,1,75,10.3.1
18-02-2024 23:27:55,heartrate,,nik,BF385FF0-7E9B-4367-926D-D1C6CFD30D19,CREWMEMBER,,103,100,PrettyLights,1,75,10.3.1
18-02-2024 23:28:00,heartrate,,nik,BF385FF0-7E9B-4367-926D-D1C6CFD30D19,CREWMEMBER,,99,100,PrettyLights,1,75,10.3.1
18-02-2024 23:28:05,heartrate,,nik,BF385FF0-7E9B-4367-926D-D1C6CFD30D19,CREWMEMBER,,99,100,PrettyLights,1,75,10.3.1
18-02-2024 23:28:10,heartrate,,nik,BF385FF0-7E9B-4367-926D-D1C6CFD30D19,CREWMEMBER,,99,99,PrettyLights,1,75,10.3.1
18-02-2024 23:28:24,heartrate,,nik,BF385FF0-7E9B-4367-926D-D1C6CFD30D19,CREWMEMBER,,97,99,PrettyLights,1,75,10.3.1
18-02-2024 23:28:40,heartrate,,nik,BF385FF0-7E9B-4367-926D-D1C6CFD30D19,CREWMEMBER,,100,98,PrettyLights,1,75,10.3.1
18-02-2024 23:28:45,heartrate,,nik,BF385FF0-7E9B-4367-926D-D1C6CFD30D19,CREWMEMBER,,101,99,PrettyLights,1,75,10.3.1
18-02-2024 23:28:50,heartrate,,nik,BF385FF0-7E9B-4367-926D-D1C6CFD30D19,CREWMEMBER,,97,98,PrettyLights,1,75,10.3.1
18-02-2024 23:28:55,heartrate,,nik,BF385FF0-7E9B-4367-926D-D1C6CFD30D19,CREWMEMBER,,96,98,PrettyLights,1,75,10.3.1
18-02-2024 23:29:00,heartrate,,nik,BF385FF0-7E9B-4367-926D-D1C6CFD30D19,CREWMEMBER,,99,98,PrettyLights,1,75,10.3.1
18-02-2024 23:29:05,heartrate,,nik,BF385FF0-7E9B-4367-926D-D1C6CFD30D19,CREWMEMBER,,102,99,PrettyLights,1,75,10.3.1
18-02-2024 23:29:10,heartrate,,nik,BF385FF0-7E9B-4367-926D-D1C6CFD30D19,CREWMEMBER,,99,99,PrettyLights,1,75,10.3.1
18-02-2024 23:29:15,heartrate,,nik,BF385FF0-7E9B-4367-926D-D1C6CFD30D19,CREWMEMBER,,97,98,PrettyLights,1,75,10.3.1
18-02-2024 23:29:20,heartrate,,nik,BF385FF0-7E9B-4367-926D-D1C6CFD30D19,CREWMEMBER,,96,98,PrettyLights,1,75,10.3.1
18-02-2024 23:29:25,heartrate,,nik,BF385FF0-7E9B-4367-926D-D1C6CFD30D19,CREWMEMBER,,96,97,PrettyLights,1,75,10.3.1
18-02-2024 23:29:30,heartrate,,nik,BF385FF0-7E9B-4367-926D-D1C6CFD30D19,CREWMEMBER,,96,97,PrettyLights,1,75,10.3.1
18-02-2024 23:29:35,heartrate,,nik,BF385FF0-7E9B-4367-926D-D1C6CFD30D19,CREWMEMBER,,96,97,PrettyLights,1,75,10.3.1
18-02-2024 23:29:40,heartrate,,nik,BF385FF0-7E9B-4367-926D-D1C6CFD30D19,CREWMEMBER,,98,97,PrettyLights,1,75,10.3.1
18-02-2024 23:29:45,heartrate,,nik,BF385FF0-7E9B-4367-926D-D1C6CFD30D19,CREWMEMBER,,98,97,PrettyLights,1,75,10.3.1
18-02-2024 23:29:49,heartrate,,nik,BF385FF0-7E9B-4367-926D-D1C6CFD30D19,CREWMEMBER,,99,97,PrettyLights,1,75,10.3.1
18-02-2024 23:29:54,heartrate,,nik,BF385FF0-7E9B-4367-926D-D1C6CFD30D19,CREWMEMBER,,99,97,PrettyLights,1,75,10.3.1
18-02-2024 23:29:59,heartrate,,nik,BF385FF0-7E9B-4367-926D-D1C6CFD30D19,CREWMEMBER,,99,97,PrettyLights,1,75,10.3.1
18-02-2024 23:30:04,heartrate,,nik,BF385FF0-7E9B-4367-926D-D1C6CFD30D19,CREWMEMBER,,99,97,PrettyLights,1,75,10.3.1
18-02-2024 23:30:09,heartrate,,nik,BF385FF0-7E9B-4367-926D-D1C6CFD30D19,CREWMEMBER,,101,98,PrettyLights,1,75,10.3.1
18-02-2024 23:30:15,heartrate,,nik,BF385FF0-7E9B-4367-926D-D1C6CFD30D19,CREWMEMBER,,101,98,PrettyLights,1,75,10.3.1
18-02-2024 23:30:20,heartrate,,nik,BF385FF0-7E9B-4367-926D-D1C6CFD30D19,CREWMEMBER,,101,99,PrettyLights,1,75,10.3.1
18-02-2024 23:30:25,heartrate,,nik,BF385FF0-7E9B-4367-926D-D1C6CFD30D19,CREWMEMBER,,96,99,PrettyLights,1,75,10.3.1
18-02-2024 23:30:30,heartrate,,nik,BF385FF0-7E9B-4367-926D-D1C6CFD30D19,CREWMEMBER,,99,99,PrettyLights,1,75,10.3.1
18-02-2024 23:30:35,heartrate,,nik,BF385FF0-7E9B-4367-926D-D1C6CFD30D19,CREWMEMBER,,98,99,PrettyLights,1,75,10.3.1
18-02-2024 23:30:40,heartrate,,nik,BF385FF0-7E9B-4367-926D-D1C6CFD30D19,CREWMEMBER,,98,99,PrettyLights,1,75,10.3.1
18-02-2024 23:30:45,heartrate,,nik,BF385FF0-7E9B-4367-926D-D1C6CFD30D19,CREWMEMBER,,99,99,PrettyLights,1,75,10.3.1
18-02-2024 23:30:50,heartrate,,nik,BF385FF0-7E9B-4367-926D-D1C6CFD30D19,CREWMEMBER,,99,98,PrettyLights,1,75,10.3.1
18-02-2024 23:31:05,heartrate,,nik,BF385FF0-7E9B-4367-926D-D1C6CFD30D19,CREWMEMBER,,99,98,PrettyLights,1,75,10.3.1
18-02-2024 23:31:10,heartrate,,nik,BF385FF0-7E9B-4367-926D-D1C6CFD30D19,CREWMEMBER,,99,98,PrettyLights,1,75,10.3.1
18-02-2024 23:31:15,heartrate,,nik,BF385FF0-7E9B-4367-926D-D1C6CFD30D19,CREWMEMBER,,100,99,PrettyLights,1,75,10.3.1
18-02-2024 23:31:19,heartrate,,nik,BF385FF0-7E9B-4367-926D-D1C6CFD30D19,CREWMEMBER,,100,99,PrettyLights,1,75,10.3.1
18-02-2024 23:31:24,heartrate,,nik,BF385FF0-7E9B-4367-926D-D1C6CFD30D19,CREWMEMBER,,99,99,PrettyLights,1,75,10.3.1
18-02-2024 23:31:29,heartrate,,nik,BF385FF0-7E9B-4367-926D-D1C6CFD30D19,CREWMEMBER,,99,99,PrettyLights,1,75,10.3.1
18-02-2024 23:31:34,heartrate,,nik,BF385FF0-7E9B-4367-926D-D1C6CFD30D19,CREWMEMBER,,95,98,PrettyLights,1,75,10.3.1
18-02-2024 23:31:45,heartrate,,nik,BF385FF0-7E9B-4367-926D-D1C6CFD30D19,CREWMEMBER,,98,98,PrettyLights,1,75,10.3.1
18-02-2024 23:31:50,heartrate,,nik,BF385FF0-7E9B-4367-926D-D1C6CFD30D19,CREWMEMBER,,101,98,PrettyLights,1,75,10.3.1
18-02-2024 23:31:55,heartrate,,nik,BF385FF0-7E9B-4367-926D-D1C6CFD30D19,CREWMEMBER,,103,99,PrettyLights,1,75,10.3.1
18-02-2024 23:32:00,heartrate,,nik,BF385FF0-7E9B-4367-926D-D1C6CFD30D19,CREWMEMBER,,100,99,PrettyLights,1,75,10.3.1
18-02-2024 23:32:05,heartrate,,nik,BF385FF0-7E9B-4367-926D-D1C6CFD30D19,CREWMEMBER,,98,99,PrettyLights,1,75,10.3.1
18-02-2024 23:32:10,heartrate,,nik,BF385FF0-7E9B-4367-926D-D1C6CFD30D19,CREWMEMBER,,97,98,PrettyLights,1,75,10.3.1
18-02-2024 23:32:15,heartrate,,nik,BF385FF0-7E9B-4367-926D-D1C6CFD30D19,CREWMEMBER,,97,99,PrettyLights,1,75,10.3.1
18-02-2024 23:32:20,heartrate,,nik,BF385FF0-7E9B-4367-926D-D1C6CFD30D19,CREWMEMBER,,96,98,PrettyLights,1,75,10.3.1
18-02-2024 23:32:25,heartrate,,nik,BF385FF0-7E9B-4367-926D-D1C6CFD30D19,CREWMEMBER,,96,98,PrettyLights,1,75,10.3.1
18-02-2024 23:32:30,heartrate,,nik,BF385FF0-7E9B-4367-926D-D1C6CFD30D19,CREWMEMBER,,99,98,PrettyLights,1,75,10.3.1
18-02-2024 23:32:35,heartrate,,nik,BF385FF0-7E9B-4367-926D-D1C6CFD30D19,CREWMEMBER,,97,98,PrettyLights,1,75,10.3.1
18-02-2024 23:32:40,heartrate,,nik,BF385FF0-7E9B-4367-926D-D1C6CFD30D19,CREWMEMBER,,96,97,PrettyLights,1,75,10.3.1
18-02-2024 23:32:45,heartrate,,nik,BF385FF0-7E9B-4367-926D-D1C6CFD30D19,CREWMEMBER,,95,96,PrettyLights,1,75,10.3.1
18-02-2024 23:32:50,heartrate,,nik,BF385FF0-7E9B-4367-926D-D1C6CFD30D19,CREWMEMBER,,95,96,PrettyLights,1,75,10.3.1
18-02-2024 23:32:54,heartrate,,nik,BF385FF0-7E9B-4367-926D-D1C6CFD30D19,CREWMEMBER,,97,96,PrettyLights,1,75,10.3.1
18-02-2024 23:32:59,heartrate,,nik,BF385FF0-7E9B-4367-926D-D1C6CFD30D19,CREWMEMBER,,97,96,PrettyLights,1,75,10.3.1
18-02-2024 23:33:04,heartrate,,nik,BF385FF0-7E9B-4367-926D-D1C6CFD30D19,CREWMEMBER,,101,97,PrettyLights,1,75,10.3.1
18-02-2024 23:33:09,heartrate,,nik,BF385FF0-7E9B-4367-926D-D1C6CFD30D19,CREWMEMBER,,102,97,PrettyLights,1,75,10.3.1
18-02-2024 23:33:15,heartrate,,nik,BF385FF0-7E9B-4367-926D-D1C6CFD30D19,CREWMEMBER,,98,97,PrettyLights,1,75,10.3.1
18-02-2024 23:33:20,heartrate,,nik,BF385FF0-7E9B-4367-926D-D1C6CFD30D19,CREWMEMBER,,93,97,PrettyLights,1,75,10.3.1
18-02-2024 23:33:25,heartrate,,nik,BF385FF0-7E9B-4367-926D-D1C6CFD30D19,CREWMEMBER,,93,96,PrettyLights,1,75,10.3.1
18-02-2024 23:33:30,heartrate,,nik,BF385FF0-7E9B-4367-926D-D1C6CFD30D19,CREWMEMBER,,98,97,PrettyLights,1,75,10.3.1
18-02-2024 23:33:35,heartrate,,nik,BF385FF0-7E9B-4367-926D-D1C6CFD30D19,CREWMEMBER,,100,97,PrettyLights,1,75,10.3.1
18-02-2024 23:33:40,heartrate,,nik,BF385FF0-7E9B-4367-926D-D1C6CFD30D19,CREWMEMBER,,100,98,PrettyLights,1,75,10.3.1
18-02-2024 23:33:45,heartrate,,nik,BF385FF0-7E9B-4367-926D-D1C6CFD30D19,CREWMEMBER,,100,98,PrettyLights,1,75,10.3.1
18-02-2024 23:33:50,heartrate,,nik,BF385FF0-7E9B-4367-926D-D1C6CFD30D19,CREWMEMBER,,100,97,PrettyLights,1,75,10.3.1
18-02-2024 23:33:55,heartrate,,nik,BF385FF0-7E9B-4367-926D-D1C6CFD30D19,CREWMEMBER,,100,98,PrettyLights,1,75,10.3.1
18-02-2024 23:34:00,heartrate,,nik,BF385FF0-7E9B-4367-926D-D1C6CFD30D19,CREWMEMBER,,101,99,PrettyLights,1,75,10.3.1
18-02-2024 23:34:05,heartrate,,nik,BF385FF0-7E9B-4367-926D-D1C6CFD30D19,CREWMEMBER,,99,99,PrettyLights,1,75,10.3.1
18-02-2024 23:34:10,heartrate,,nik,BF385FF0-7E9B-4367-926D-D1C6CFD30D19,CREWMEMBER,,99,99,PrettyLights,1,75,10.3.1
18-02-2024 23:34:15,heartrate,,nik,BF385FF0-7E9B-4367-926D-D1C6CFD30D19,CREWMEMBER,,96,99,PrettyLights,1,75,10.3.1
18-02-2024 23:34:20,heartrate,,nik,BF385FF0-7E9B-4367-926D-D1C6CFD30D19,CREWMEMBER,,96,98,PrettyLights,1,75,10.3.1
18-02-2024 23:34:24,heartrate,,nik,BF385FF0-7E9B-4367-926D-D1C6CFD30D19,CREWMEMBER,,95,98,PrettyLights,1,75,10.3.1
18-02-2024 23:34:29,heartrate,,nik,BF385FF0-7E9B-4367-926D-D1C6CFD30D19,CREWMEMBER,,97,98,PrettyLights,1,75,10.3.1
18-02-2024 23:34:34,heartrate,,nik,BF385FF0-7E9B-4367-926D-D1C6CFD30D19,CREWMEMBER,,97,97,PrettyLights,1,75,10.3.1
18-02-2024 23:34:39,heartrate,,nik,BF385FF0-7E9B-4367-926D-D1C6CFD30D19,CREWMEMBER,,96,97,PrettyLights,1,75,10.3.1
18-02-2024 23:34:44,heartrate,,nik,BF385FF0-7E9B-4367-926D-D1C6CFD30D19,CREWMEMBER,,96,96,PrettyLights,1,75,10.3.1
18-02-2024 23:34:50,heartrate,,nik,BF385FF0-7E9B-4367-926D-D1C6CFD30D19,CREWMEMBER,,100,96,PrettyLights,1,75,10.3.1
18-02-2024 23:34:55,heartrate,,nik,BF385FF0-7E9B-4367-926D-D1C6CFD30D19,CREWMEMBER,,100,97,PrettyLights,1,75,10.3.1
18-02-2024 23:35:00,heartrate,,nik,BF385FF0-7E9B-4367-926D-D1C6CFD30D19,CREWMEMBER,,96,97,PrettyLights,1,75,10.3.1
18-02-2024 23:35:05,heartrate,,nik,BF385FF0-7E9B-4367-926D-D1C6CFD30D19,CREWMEMBER,,95,97,PrettyLights,1,75,10.3.1
18-02-2024 23:35:10,heartrate,,nik,BF385FF0-7E9B-4367-926D-D1C6CFD30D19,CREWMEMBER,,97,97,PrettyLights,1,75,10.3.1
18-02-2024 23:35:15,heartrate,,nik,BF385FF0-7E9B-4367-926D-D1C6CFD30D19,CREWMEMBER,,96,97,PrettyLights,1,75,10.3.1
18-02-2024 23:35:20,heartrate,,nik,BF385FF0-7E9B-4367-926D-D1C6CFD30D19,CREWMEMBER,,92,96,PrettyLights,1,75,10.3.1
18-02-2024 23:35:25,heartrate,,nik,BF385FF0-7E9B-4367-926D-D1C6CFD30D19,CREWMEMBER,,93,96,PrettyLights,1,75,10.3.1
18-02-2024 23:35:30,heartrate,,nik,BF385FF0-7E9B-4367-926D-D1C6CFD30D19,CREWMEMBER,,96,95,PrettyLights,1,75,10.3.1
18-02-2024 23:35:35,heartrate,,nik,BF385FF0-7E9B-4367-926D-D1C6CFD30D19,CREWMEMBER,,94,94,PrettyLights,1,75,10.3.1
18-02-2024 23:35:40,heartrate,,nik,BF385FF0-7E9B-4367-926D-D1C6CFD30D19,CREWMEMBER,,99,95,PrettyLights,1,75,10.3.1
18-02-2024 23:35:45,heartrate,,nik,BF385FF0-7E9B-4367-926D-D1C6CFD30D19,CREWMEMBER,,96,95,PrettyLights,1,75,10.3.1
18-02-2024 23:35:50,heartrate,,nik,BF385FF0-7E9B-4367-926D-D1C6CFD30D19,CREWMEMBER,,96,95,PrettyLights,1,75,10.3.1
18-02-2024 23:35:54,heartrate,,nik,BF385FF0-7E9B-4367-926D-D1C6CFD30D19,CREWMEMBER,,101,95,PrettyLights,1,75,10.3.1
18-02-2024 23:35:59,heartrate,,nik,BF385FF0-7E9B-4367-926D-D1C6CFD30D19,CREWMEMBER,,101,96,PrettyLights,1,75,10.3.1
18-02-2024 23:36:04,heartrate,,nik,BF385FF0-7E9B-4367-926D-D1C6CFD30D19,CREWMEMBER,,101,97,PrettyLights,1,75,10.3.1
18-02-2024 23:36:09,heartrate,,nik,BF385FF0-7E9B-4367-926D-D1C6CFD30D19,CREWMEMBER,,95,97,PrettyLights,1,75,10.3.1
18-02-2024 23:36:14,heartrate,,nik,BF385FF0-7E9B-4367-926D-D1C6CFD30D19,CREWMEMBER,,95,97,PrettyLights,1,75,10.3.1
18-02-2024 23:36:20,heartrate,,nik,BF385FF0-7E9B-4367-926D-D1C6CFD30D19,CREWMEMBER,,98,98,PrettyLights,1,75,10.3.1
18-02-2024 23:36:25,heartrate,,nik,BF385FF0-7E9B-4367-926D-D1C6CFD30D19,CREWMEMBER,,98,97,PrettyLights,1,75,10.3.1
18-02-2024 23:36:30,heartrate,,nik,BF385FF0-7E9B-4367-926D-D1C6CFD30D19,CREWMEMBER,,98,98,PrettyLights,1,75,10.3.1
18-02-2024 23:36:35,heartrate,,nik,BF385FF0-7E9B-4367-926D-D1C6CFD30D19,CREWMEMBER,,98,98,PrettyLights,1,75,10.3.1
18-02-2024 23:36:40,heartrate,,nik,BF385FF0-7E9B-4367-926D-D1C6CFD30D19,CREWMEMBER,,103,98,PrettyLights,1,75,10.3.1
18-02-2024 23:36:45,heartrate,,nik,BF385FF0-7E9B-4367-926D-D1C6CFD30D19,CREWMEMBER,,101,98,PrettyLights,1,75,10.3.1
18-02-2024 23:36:50,heartrate,,nik,BF385FF0-7E9B-4367-926D-D1C6CFD30D19,CREWMEMBER,,101,99,PrettyLights,1,75,10.3.1
18-02-2024 23:36:55,heartrate,,nik,BF385FF0-7E9B-4367-926D-D1C6CFD30D19,CREWMEMBER,,102,99,PrettyLights,1,75,10.3.1
18-02-2024 23:37:05,heartrate,,nik,BF385FF0-7E9B-4367-926D-D1C6CFD30D19,CREWMEMBER,,101,100,PrettyLights,1,75,10.3.1
18-02-2024 23:37:10,heartrate,,nik,BF385FF0-7E9B-4367-926D-D1C6CFD30D19,CREWMEMBER,,101,100,PrettyLights,1,75,10.3.1
18-02-2024 23:37:25,heartrate,,nik,BF385FF0-7E9B-4367-926D-D1C6CFD30D19,CREWMEMBER,,103,101,PrettyLights,1,75,10.3.1
18-02-2024 23:37:29,heartrate,,nik,BF385FF0-7E9B-4367-926D-D1C6CFD30D19,CREWMEMBER,,101,101,PrettyLights,1,75,10.3.1
18-02-2024 23:37:34,heartrate,,nik,BF385FF0-7E9B-4367-926D-D1C6CFD30D19,CREWMEMBER,,100,101,PrettyLights,1,75,10.3.1
18-02-2024 23:37:39,heartrate,,nik,BF385FF0-7E9B-4367-926D-D1C6CFD30D19,CREWMEMBER,,100,101,PrettyLights,1,75,10.3.1
18-02-2024 23:37:44,heartrate,,nik,BF385FF0-7E9B-4367-926D-D1C6CFD30D19,CREWMEMBER,,100,100,PrettyLights,1,75,10.3.1
18-02-2024 23:37:50,heartrate,,nik,BF385FF0-7E9B-4367-926D-D1C6CFD30D19,CREWMEMBER,,101,100,PrettyLights,1,75,10.3.1
18-02-2024 23:37:55,heartrate,,nik,BF385FF0-7E9B-4367-926D-D1C6CFD30D19,CREWMEMBER,,99,100,PrettyLights,1,75,10.3.1
18-02-2024 23:38:00,heartrate,,nik,BF385FF0-7E9B-4367-926D-D1C6CFD30D19,CREWMEMBER,,99,100,PrettyLights,1,75,10.3.1
18-02-2024 23:38:05,heartrate,,nik,BF385FF0-7E9B-4367-926D-D1C6CFD30D19,CREWMEMBER,,98,99,PrettyLights,1,75,10.3.1
18-02-2024 23:38:10,heartrate,,nik,BF385FF0-7E9B-4367-926D-D1C6CFD30D19,CREWMEMBER,,101,99,PrettyLights,1,75,10.3.1
18-02-2024 23:38:15,heartrate,,nik,BF385FF0-7E9B-4367-926D-D1C6CFD30D19,CREWMEMBER,,100,99,PrettyLights,1,75,10.3.1
18-02-2024 23:38:20,heartrate,,nik,BF385FF0-7E9B-4367-926D-D1C6CFD30D19,CREWMEMBER,,99,99,PrettyLights,1,75,10.3.1
18-02-2024 23:38:25,heartrate,,nik,BF385FF0-7E9B-4367-926D-D1C6CFD30D19,CREWMEMBER,,99,99,PrettyLights,1,75,10.3.1
18-02-2024 23:38:30,heartrate,,nik,BF385FF0-7E9B-4367-926D-D1C6CFD30D19,CREWMEMBER,,102,99,PrettyLights,1,75,10.3.1
18-02-2024 23:38:35,heartrate,,nik,BF385FF0-7E9B-4367-926D-D1C6CFD30D19,CREWMEMBER,,98,99,PrettyLights,1,75,10.3.1
18-02-2024 23:38:40,heartrate,,nik,BF385FF0-7E9B-4367-926D-D1C6CFD30D19,CREWMEMBER,,98,99,PrettyLights,1,75,10.3.1
18-02-2024 23:38:45,heartrate,,nik,BF385FF0-7E9B-4367-926D-D1C6CFD30D19,CREWMEMBER,,98,99,PrettyLights,1,75,10.3.1
18-02-2024 23:38:50,heartrate,,nik,BF385FF0-7E9B-4367-926D-D1C6CFD30D19,CREWMEMBER,,94,98,PrettyLights,1,75,10.3.1
18-02-2024 23:38:55,heartrate,,nik,BF385FF0-7E9B-4367-926D-D1C6CFD30D19,CREWMEMBER,,94,98,PrettyLights,1,75,10.3.1
18-02-2024 23:38:59,heartrate,,nik,BF385FF0-7E9B-4367-926D-D1C6CFD30D19,CREWMEMBER,,94,97,PrettyLights,1,75,10.3.1
18-02-2024 23:39:04,heartrate,,nik,BF385FF0-7E9B-4367-926D-D1C6CFD30D19,CREWMEMBER,,98,97,PrettyLights,1,75,10.3.1
18-02-2024 23:39:09,heartrate,,nik,BF385FF0-7E9B-4367-926D-D1C6CFD30D19,CREWMEMBER,,97,97,PrettyLights,1,75,10.3.1
18-02-2024 23:39:14,heartrate,,nik,BF385FF0-7E9B-4367-926D-D1C6CFD30D19,CREWMEMBER,,92,95,PrettyLights,1,75,10.3.1
18-02-2024 23:39:19,heartrate,,nik,BF385FF0-7E9B-4367-926D-D1C6CFD30D19,CREWMEMBER,,95,95,PrettyLights,1,75,10.3.1
18-02-2024 23:39:25,heartrate,,nik,BF385FF0-7E9B-4367-926D-D1C6CFD30D19,CREWMEMBER,,99,95,PrettyLights,1,75,10.3.1
18-02-2024 23:39:30,heartrate,,nik,BF385FF0-7E9B-4367-926D-D1C6CFD30D19,CREWMEMBER,,97,95,PrettyLights,1,75,10.3.1
18-02-2024 23:39:35,heartrate,,nik,BF385FF0-7E9B-4367-926D-D1C6CFD30D19,CREWMEMBER,,97,96,PrettyLights,1,75,10.3.1
18-02-2024 23:39:40,heartrate,,nik,BF385FF0-7E9B-4367-926D-D1C6CFD30D19,CREWMEMBER,,97,96,PrettyLights,1,75,10.3.1
18-02-2024 23:40:00,heartrate,,nik,BF385FF0-7E9B-4367-926D-D1C6CFD30D19,CREWMEMBER,,104,98,PrettyLights,1,75,10.3.1
18-02-2024 23:40:05,heartrate,,nik,BF385FF0-7E9B-4367-926D-D1C6CFD30D19,CREWMEMBER,,101,99,PrettyLights,1,75,10.3.1
18-02-2024 23:40:10,heartrate,,nik,BF385FF0-7E9B-4367-926D-D1C6CFD30D19,CREWMEMBER,,100,99,PrettyLights,1,75,10.3.1
18-02-2024 23:40:15,heartrate,,nik,BF385FF0-7E9B-4367-926D-D1C6CFD30D19,CREWMEMBER,,99,100,PrettyLights,1,75,10.3.1
18-02-2024 23:40:20,heartrate,,nik,BF385FF0-7E9B-4367-926D-D1C6CFD30D19,CREWMEMBER,,98,100,PrettyLights,1,75,10.3.1
18-02-2024 23:40:39,heartrate,,nik,BF385FF0-7E9B-4367-926D-D1C6CFD30D19,CREWMEMBER,,99,100,PrettyLights,1,75,10.3.1
18-02-2024 23:40:44,heartrate,,nik,BF385FF0-7E9B-4367-926D-D1C6CFD30D19,CREWMEMBER,,99,99,PrettyLights,1,75,10.3.1
18-02-2024 23:40:49,heartrate,,nik,BF385FF0-7E9B-4367-926D-D1C6CFD30D19,CREWMEMBER,,99,99,PrettyLights,1,75,10.3.1
18-02-2024 23:41:00,heartrate,,nik,BF385FF0-7E9B-4367-926D-D1C6CFD30D19,CREWMEMBER,,99,98,PrettyLights,1,75,10.3.1
18-02-2024 23:41:05,heartrate,,nik,BF385FF0-7E9B-4367-926D-D1C6CFD30D19,CREWMEMBER,,101,99,PrettyLights,1,75,10.3.1
18-02-2024 23:41:10,heartrate,,nik,BF385FF0-7E9B-4367-926D-D1C6CFD30D19,CREWMEMBER,,103,100,PrettyLights,1,75,10.3.1
18-02-2024 23:41:35,heartrate,,nik,BF385FF0-7E9B-4367-926D-D1C6CFD30D19,CREWMEMBER,,98,100,PrettyLights,1,75,10.3.1
18-02-2024 23:41:45,heartrate,,nik,BF385FF0-7E9B-4367-926D-D1C6CFD30D19,CREWMEMBER,,96,99,PrettyLights,1,75,10.3.1
18-02-2024 23:41:50,heartrate,,nik,BF385FF0-7E9B-4367-926D-D1C6CFD30D19,CREWMEMBER,,96,96,PrettyLights,1,75,10.3.1
18-02-2024 23:41:55,heartrate,,nik,BF385FF0-7E9B-4367-926D-D1C6CFD30D19,CREWMEMBER,,98,97,PrettyLights,1,75,10.3.1
18-02-2024 23:42:00,heartrate,,nik,BF385FF0-7E9B-4367-926D-D1C6CFD30D19,CREWMEMBER,,99,97,PrettyLights,1,75,10.3.1
18-02-2024 23:42:04,heartrate,,nik,BF385FF0-7E9B-4367-926D-D1C6CFD30D19,CREWMEMBER,,95,97,PrettyLights,1,75,10.3.1
18-02-2024 23:42:09,heartrate,,nik,BF385FF0-7E9B-4367-926D-D1C6CFD30D19,CREWMEMBER,,93,96,PrettyLights,1,75,10.3.1
18-02-2024 23:42:14,heartrate,,nik,BF385FF0-7E9B-4367-926D-D1C6CFD30D19,CREWMEMBER,,95,96,PrettyLights,1,75,10.3.1
18-02-2024 23:42:19,heartrate,,nik,BF385FF0-7E9B-4367-926D-D1C6CFD30D19,CREWMEMBER,,95,95,PrettyLights,1,75,10.3.1
18-02-2024 23:42:25,heartrate,,nik,BF385FF0-7E9B-4367-926D-D1C6CFD30D19,CREWMEMBER,,93,95,PrettyLights,1,75,10.3.1
18-02-2024 23:42:30,heartrate,,nik,BF385FF0-7E9B-4367-926D-D1C6CFD30D19,CREWMEMBER,,96,95,PrettyLights,1,75,10.3.1
18-02-2024 23:42:35,heartrate,,nik,BF385FF0-7E9B-4367-926D-D1C6CFD30D19,CREWMEMBER,,96,95,PrettyLights,1,75,10.3.1
18-02-2024 23:42:40,heartrate,,nik,BF385FF0-7E9B-4367-926D-D1C6CFD30D19,CREWMEMBER,,95,94,PrettyLights,1,75,10.3.1
18-02-2024 23:42:45,heartrate,,nik,BF385FF0-7E9B-4367-926D-D1C6CFD30D19,CREWMEMBER,,94,94,PrettyLights,1,75,10.3.1
18-02-2024 23:42:50,heartrate,,nik,BF385FF0-7E9B-4367-926D-D1C6CFD30D19,CREWMEMBER,,94,94,PrettyLights,1,75,10.3.1
18-02-2024 23:42:55,heartrate,,nik,BF385FF0-7E9B-4367-926D-D1C6CFD30D19,CREWMEMBER,,95,94,PrettyLights,1,75,10.3.1
18-02-2024 23:43:00,heartrate,,nik,BF385FF0-7E9B-4367-926D-D1C6CFD30D19,CREWMEMBER,,95,94,PrettyLights,1,75,10.3.1
18-02-2024 23:43:05,heartrate,,nik,BF385FF0-7E9B-4367-926D-D1C6CFD30D19,CREWMEMBER,,95,95,PrettyLights,1,75,10.3.1
18-02-2024 23:43:10,heartrate,,nik,BF385FF0-7E9B-4367-926D-D1C6CFD30D19,CREWMEMBER,,95,94,PrettyLights,1,75,10.3.1
18-02-2024 23:43:15,heartrate,,nik,BF385FF0-7E9B-4367-926D-D1C6CFD30D19,CREWMEMBER,,97,95,PrettyLights,1,75,10.3.1
18-02-2024 23:43:20,heartrate,,nik,BF385FF0-7E9B-4367-926D-D1C6CFD30D19,CREWMEMBER,,96,95,PrettyLights,1,75,10.3.1
18-02-2024 23:43:25,heartrate,,nik,BF385FF0-7E9B-4367-926D-D1C6CFD30D19,CREWMEMBER,,98,95,PrettyLights,1,75,10.3.1
18-02-2024 23:43:30,heartrate,,nik,BF385FF0-7E9B-4367-926D-D1C6CFD30D19,CREWMEMBER,,87,94,PrettyLights,1,75,10.3.1
18-02-2024 23:43:35,heartrate,,nik,BF385FF0-7E9B-4367-926D-D1C6CFD30D19,CREWMEMBER,,88,94,PrettyLights,1,75,10.3.1
18-02-2024 23:43:39,heartrate,,nik,BF385FF0-7E9B-4367-926D-D1C6CFD30D19,CREWMEMBER,,93,93,PrettyLights,1,75,10.3.1
18-02-2024 23:43:55,heartrate,,nik,BF385FF0-7E9B-4367-926D-D1C6CFD30D19,CREWMEMBER,,106,94,PrettyLights,1,75,10.3.1
18-02-2024 23:44:00,heartrate,,nik,BF385FF0-7E9B-4367-926D-D1C6CFD30D19,CREWMEMBER,,115,97,PrettyLights,1,75,10.3.1
18-02-2024 23:44:05,heartrate,,nik,BF385FF0-7E9B-4367-926D-D1C6CFD30D19,CREWMEMBER,,115,100,PrettyLights,1,75,10.3.1
18-02-2024 23:44:10,heartrate,,nik,BF385FF0-7E9B-4367-926D-D1C6CFD30D19,CREWMEMBER,,114,105,PrettyLights,1,75,10.3.1
18-02-2024 23:44:15,heartrate,,nik,BF385FF0-7E9B-4367-926D-D1C6CFD30D19,CREWMEMBER,,110,108,PrettyLights,1,75,10.3.1
18-02-2024 23:44:20,heartrate,,nik,BF385FF0-7E9B-4367-926D-D1C6CFD30D19,CREWMEMBER,,107,111,PrettyLights,1,75,10.3.1
18-02-2024 23:44:25,heartrate,,nik,BF385FF0-7E9B-4367-926D-D1C6CFD30D19,CREWMEMBER,,101,109,PrettyLights,1,75,10.3.1
18-02-2024 23:44:30,heartrate,,nik,BF385FF0-7E9B-4367-926D-D1C6CFD30D19,CREWMEMBER,,101,108,PrettyLights,1,75,10.3.1
